,Symbol,Trade_Date,CBI_SS,CBI_MACD,CBI,Trade_Price,Price_Delta,Avg_Volume,RSI_val,"RSI_slope, intercept",SS_val,"SS_slope, intercept",MSCD_Div_val,"MACD_Div_slope, intercept"
147,EXPD,2020-03-25,0.1438191804557823,0.08617453945933892,0.11499685995756061,64.4000015258789,12.53105512983772,2639366.6666666665,47.52537708210732,[ 0.78766109 33.14731071],27.123616390884354,[ 0.115616  15.8924649],-0.1162002909804496,[ 0.31546239 -1.3484295 ]
185,GE,2020-08-10,0.14946235879309383,0.09405550174816267,0.12175893027062826,6.670000076293945,0.8995493567202297,93849600.0,50.76169232090606,[ 2.12317763 34.15412569],32.98924717586188,[ 7.33261183 10.61246007],-0.006650059476966758,[ 0.01602767 -0.07070357]
2,MMM,2020-03-04,0.22403348516050148,0.037959217034214246,0.13099635109735785,153.97999572753906,-0.21431474231146977,7748100.0,45.39360427418863,[ 1.87029967 26.52312987],25.51933029678997,[ 3.83082808 14.01989874],-0.02327684177084155,[ 0.09029869 -0.61320658]
79,CAT,2020-02-11,0.16766342376124577,0.10102862630747213,0.13434602503435894,136.19000244140625,2.591966161991667,3460450.0,44.255404021527404,[ 2.73767329 30.29637041],33.353268475224915,[ 5.712535   23.61387181],-0.04783512408120405,[ 0.08381885 -0.47348089]
29,ALK,2020-10-08,0.007728900575880537,0.2640188224430808,0.13587386150948066,38.630001068115234,7.61066152062736,2302800.0,52.51223179400544,[ 0.22898968 43.75218575],30.15457801151761,[ 0.81204941 24.29524739],-0.08016036450230124,[ 0.02452021 -0.3036161 ]
66,BA,2020-09-17,0.21580216244149958,0.06616934769707658,0.14098575506928807,167.52999877929688,0.328301233071925,17527983.333333332,48.75809008892381,[ 2.15218696 37.14798078],34.31604324882999,[ 7.48153327 11.90540281],-0.07549300431428785,[ 0.34563857 -1.14090598]
104,DAL,2020-02-06,0.026398519572645718,0.26537009876256934,0.14588430916760753,58.18000030517578,2.217258351256116,6901716.666666667,49.38097396538903,[ 2.66312048 35.84616009],29.472029608547086,[ 2.05629868 14.23110103],-0.1515211493452098,[ 0.16715457 -0.57098049]
57,AOS,2020-03-27,0.13487554903825902,0.17984645521175996,0.15736100212500947,36.849998474121094,9.145191007127739,2602566.6666666665,41.68966758916298,[ 1.35675935 35.62365721],32.69751098076518,[ 3.04274038 20.00948377],-0.0636439446728887,[ 0.11067296 -0.35387934]
52,AME,2020-03-25,0.19740231062195246,0.11794757923466415,0.1576749449283083,71.0,10.183103319624779,3201000.0,43.634599585983004,[ 0.89005627 31.71113043],26.05195378756095,[ 0.27932212 25.75503277],-0.19364424246282397,[ 0.28255627 -1.64178225]
157,FAST,2020-09-25,0.1537012652521767,0.16891464474223195,0.16130795499720432,44.880001068115234,3.8992868947217527,3888300.0,45.961501781787895,[ 1.01491053 36.98772567],26.925974694956466,[ 2.76077599 13.33464628],-0.03748541359662583,[ 0.0504692  -0.22191926]
170,FTV,2020-05-19,0.0759898940608105,0.27193618150067617,0.17396303778074335,49.46443557739258,13.48333687442666,2231483.3333333335,51.33345975437657,[ 0.48364287 43.46455729],28.48020211878379,[ 2.75526173 11.40206061],-0.16875396057254183,[ 0.12215485 -0.62056457]
3,MMM,2020-05-19,0.18180170119961617,0.1682152608442724,0.17500848102194427,148.3800048828125,8.64671883599651,5483416.666666667,54.02002728089591,[ 0.7811193  42.38641054],33.63603402399232,[3.69303634 9.14495431],-0.3049977559047409,[ 0.44692523 -1.81313963]
69,BA,2020-11-05,0.07100760737481711,0.30807437497260926,0.18954099117371317,157.08999633789062,33.713163122082946,14609650.0,48.096448782101014,[ 2.0244907 32.3125223],31.420152147496342,[7.58162441 6.49672904],-0.6561288873606537,[ 0.43431659 -2.1297743 ]
72,CHRW,2020-03-18,0.2577045964428688,0.14264034681413815,0.2001724716285035,64.8499984741211,6.27602126536423,2566350.0,43.1705817265195,[ 1.23816722 31.17232996],35.154091928857376,[ 4.58673277 18.23631212],-0.10552099521965586,[ 0.16881655 -0.73976962]
65,BA,2020-09-16,0.14169455000705114,0.2732240380328503,0.20745929401995072,167.4600067138672,0.23885935772583003,17656533.333333332,48.68135712469883,[ 1.35829816 37.5977428 ],27.166108999858977,[ 3.0473527  11.51653085],-0.41088715883177374,[ 0.33277506 -1.50384703]
176,GD,2020-03-26,0.33352139564395245,0.08238730264308364,0.20795434914351804,133.16000366210938,5.895156675307508,3288966.6666666665,43.66741512915801,[ 1.54492376 23.40957417],23.32957208712095,[1.78926028 9.9103118 ],-0.33894951291279085,[ 0.9793768  -4.11409892]
163,FDX,2020-05-19,0.1333839530603143,0.29125768738406593,0.21232082022219012,114.79000091552734,20.289224435729547,2757900.0,47.0021283924067,[ 0.26653285 41.82669345],27.332320938793714,[3.10808817 9.46501963],-0.4193273637944972,[ 0.31466842 -1.4397126 ]
39,AAL,2020-07-16,0.20525554333178314,0.2307865344707777,0.21802103890128044,12.449999809265137,-4.3373491576374645,84254900.0,47.255269360957456,[ 1.67955903 38.97910023],34.10511086663566,[7.1305726  8.66694992],-0.08366841122291457,[ 0.1040592  -0.36253593]
43,AAL,2020-07-29,0.4244429270426432,0.012778937156680492,0.21861093209966184,11.399999618530273,22.807021653259735,68054633.33333333,43.55748170688234,[ 0.43771699 42.56652496],21.511141459147137,[ 1.24384552 19.15671708],-0.0007629221518591356,[ 0.02461285 -0.05970153]
35,AAL,2020-01-21,0.21586198902698966,0.257264151437267,0.23656307023212833,27.200000762939453,6.98529251925265,7063700.0,42.82726808107269,[ 2.32608446 41.16550463],34.31723978053979,[ 5.96987698 14.52184381],-0.02195359520687773,[ 0.05481359 -0.08533484]
179,GE,2020-07-06,0.034706147105605115,0.4401428358250738,0.23742449146533945,7.0,1.9999980926513672,83822200.0,51.01696848849959,[ 0.87570449 43.77293239],29.305877057887898,[ 6.08507295 13.05512422],-0.041013697626519796,[ 0.01319584 -0.0931827 ]
80,CAT,2020-03-24,0.27969195443179107,0.19633566008709724,0.23801380725944415,101.33999633789062,25.7154195083038,7559800.0,40.89049985705488,[ 0.66378054 30.77859411],24.40616091136418,[ 0.47310943 27.22239515],-0.18761843518454313,[ 0.03859729 -0.9556004 ]
9,MMM,2020-08-07,0.4055785507175596,0.07540904592626621,0.24049379832191292,158.3300018310547,4.907474377946313,2698166.6666666665,54.6353694830263,[ 2.07049408 38.87955454],38.11157101435119,[ 5.23798608 12.93894597],-0.07590015103991721,[ 0.2949078  -1.00651255]
134,EMR,2020-02-06,0.28118373203470737,0.22197502221993712,0.25157937712732226,75.25,0.1993375759188123,3619283.3333333335,49.6477696598684,[ 2.65639152 31.8470204 ],35.62367464069415,[ 5.07176305 12.39205571],-0.14513523026434144,[ 0.17299187 -0.65383586]
101,DE,2020-03-06,0.04282706608540306,0.4625118022158756,0.25266943415063936,164.0399932861328,-5.516939870378423,2563133.3333333335,48.497863097640035,[ 1.22914272 39.14093045],29.14345867829194,[ 4.78836936 17.27097148],-0.41598768984821155,[ 0.09729429 -0.89940989]
56,AOS,2020-03-05,0.25201930747957224,0.2540922528640586,0.2530557801718154,41.630001068115234,2.5462347619433787,3915033.3333333335,46.20963821243623,[ 2.230834   28.18612019],24.959613850408555,[ 3.20271753 16.08485563],-0.07330268446410226,[ 0.01595556 -0.28848847]
1,MMM,2020-02-14,0.30780949456433804,0.19932036662008748,0.25356493059221274,161.00999450683594,-1.0372015563756882,2888366.6666666665,41.04259793379234,[ 1.08140933 34.49273179],23.84381010871324,[ 1.26691429 19.14699419],-0.14060756138623454,[ 0.23184157 -0.70543499]
162,FDX,2020-03-20,0.3301579423351953,0.17952191357812336,0.25483992795665933,111.05999755859375,13.092023442424656,5173700.0,41.24539161987841,[ 3.41922424 20.93138892],23.396841153296094,[3.50033109 7.06283718],-0.7924935478345105,[ 1.17784005 -4.41446691]
42,AAL,2020-07-28,0.4333318074544271,0.09636325006799495,0.26484752876121104,11.770000457763672,18.946469460546083,68346800.0,45.86067645866199,[ 0.11905171 42.85502069],21.333363850911457,[ 1.39382808 17.97394492],-0.0059726001879854,[ 0.00851031 -0.06198006]
88,CPRT,2020-07-01,0.0874788422503812,0.46369887352515554,0.2755888578877684,84.58999633789062,2.3525305347160463,2086916.6666666667,50.476926767047146,[ 0.28462785 41.2648738 ],28.250423154992376,[ 2.13400758 13.34592339],-0.5657546370448466,[ 0.18520973 -1.2200906 ]
70,BA,2020-11-06,0.47176377713984474,0.09020980042659152,0.28098678878321814,157.74000549316406,33.162162886358395,13284400.0,48.789876793356626,[ 2.96504807 32.24095959],39.435275542796894,[ 8.95268277 13.33955058],-0.150975545070982,[ 0.48193769 -1.67360469]
180,GE,2020-07-07,0.10535547815340643,0.46207053061882264,0.2837130043861145,6.760000228881836,5.621296223929494,84069333.33333333,46.915336502284596,[ 1.29701809 43.81277513],32.10710956306813,[ 4.75085652 19.9169194 ],-0.03847473084760451,[ 0.0203732  -0.08326593]
71,CHRW,2020-03-17,0.10868589222738212,0.4601226009507284,0.2844042465890553,64.5999984741211,3.049537565379838,2527266.6666666665,42.53591642368577,[ 0.61949778 30.13351721],27.826282155452358,[ 2.83588767 16.15115002],-0.356657544779162,[ 0.06145901 -0.7751359 ]
159,FDX,2020-01-02,0.26161082385471507,0.30754792824089877,0.2845793760478069,155.10000610351562,4.532558673534138,2712533.3333333335,51.029522603910245,[2.69361991e-02 4.37404102e+01],24.7677835229057,[ 0.87613775 23.16194532],-0.22984095197056287,[ 0.06639131 -0.74733377]
175,FBHS,2020-03-05,0.0125773325327744,0.5591526694639453,0.2858650009983598,63.869998931884766,-5.401598278745494,2076416.6666666667,40.84529062399646,[ 3.12091203 25.92621849],30.251546650655488,[8.1167598  6.37297416],-0.7395459866916394,[ 0.2255817  -1.32261908]
168,FTV,2020-02-05,0.23220415343539696,0.3451887907790382,0.2886964721072176,64.90376281738281,2.372357285108638,2100600.0,56.590184149014505,[ 1.34309647 40.4720596 ],25.35591693129206,[ 0.95532307 18.06315491],-0.1416703556019721,[ 0.05548462 -0.41041413]
138,EMR,2020-07-01,0.021793392556472925,0.580877649571905,0.301335521064189,61.209999084472656,3.953605652407971,2894700.0,51.0571227573755,[ 0.53049497 48.87894734],30.43586785112946,[ 3.18672272 13.63493072],-0.4270403255602304,[ 0.12747495 -0.73516398]
153,FAST,2020-03-17,0.3424568752768383,0.26866570823383257,0.3055612917553354,34.5099983215332,-3.071566531871847,9883933.333333334,49.15821667310792,[ 2.05554921 33.02263176],36.84913750553677,[ 3.26658047 22.15525822],-0.12442601313812207,[ 0.08762645 -0.46312577]
50,AAL,2020-11-06,0.3074351784263401,0.3100966151388126,0.3087658967825764,11.460000038146973,15.183244025534172,46732850.0,43.26312477533304,[ 1.02290344 35.97041063],23.851296431473198,[ 0.65242162 20.98168601],-0.04397168311882038,[ 0.02991971 -0.14179995]
164,FDX,2020-05-20,0.5727823179033894,0.06370446047543202,0.3182433891894107,117.01000213623047,18.972740938667844,2861416.6666666665,49.27274188983917,[ 1.69416129 38.35624705],41.45564635806779,[8.86584354 9.16761904],-0.08495855057638213,[ 0.49975464 -1.33363582]
131,ETN,2020-12-22,0.08095520397029858,0.5569932397531786,0.31897422186173857,116.61000061035156,8.438381173472973,2368000.0,52.15200148927692,[ 1.09172631 47.07653998],28.38089592059403,[ 2.77807055 16.14056511],-0.469301219854662,[ 0.13578419 -0.84256179]
171,FTV,2020-05-20,0.5463816181167982,0.09430349411699651,0.3203425561168973,49.4560661315918,14.14551504861966,2284616.6666666665,51.309209854934295,[ 2.17428441 39.73188416],40.92763236233596,[ 8.41220336 11.02091166],-0.053398011944344626,[ 0.20502916 -0.56623577]
184,GE,2020-08-07,0.2258807946872901,0.41654553606696026,0.3212131653771252,6.400000095367432,5.156248731073011,101266383.33333333,44.11360333718037,[ 1.48624317 34.62893861],25.482384106254198,[5.57080212 6.01149739],-0.03812737306857403,[ 0.0185958  -0.09153231]
91,CSX,2020-07-01,0.16410303129571951,0.4787706591426886,0.32143684521920407,68.23999786376953,4.147130597372443,4390400.0,48.040646504571455,[ 0.49088881 45.94974819],33.28206062591439,[ 4.0057172  12.67837481],-0.3697717206393326,[ 0.17247802 -0.7723358 ]
78,CAT,2020-02-06,0.3676087089334885,0.27540306731840575,0.32150588812594716,137.25,1.7996365906762295,4267216.666666667,43.98315321932472,[ 2.36013999 25.04566368],22.64782582133023,[2.66182   7.2044076],-0.4578023353229317,[ 0.39372512 -1.66229933]
11,MMM,2020-10-06,0.31950172577602254,0.3252410652170754,0.322371395496549,162.22999572753906,5.387416460173412,2062800.0,49.487637436421,[ 0.60426908 44.22088671],23.60996548447955,[ 0.87062864 14.12601564],-0.30961390424522767,[ 0.22067942 -0.95195207]
174,FTV,2020-11-04,0.2655935903039467,0.3871788106580075,0.3263862004809771,64.62000274658203,11.668215096023282,2388166.6666666665,50.550515078499636,[ 1.91802715 37.58487949],35.31187180607893,[6.52597772 8.78398964],-0.30052365245992446,[ 0.16474673 -0.77618827]
44,AAL,2020-07-30,0.47509551004205336,0.17821999813716832,0.32665775408961084,11.180000305175781,25.223610177530137,65970066.666666664,42.20038765846261,[ 0.2531256 43.1523051],20.498089799158933,[ 0.24424514 21.04480702],-0.006881017707569215,[ 0.02166612 -0.03860968]
4,MMM,2020-07-01,0.025743337518376562,0.6295120896959746,0.3276277136071756,155.42999267578125,3.2619234144818607,2553066.6666666665,50.00753059914545,[ 0.05794668 48.77493651],30.51486675036753,[ 0.39084654 21.39346644],-0.809604436939309,[ 0.18059254 -1.28608243]
150,FAST,2020-01-30,0.23517947539629916,0.4234680033322809,0.32932373936429005,36.13999938964844,6.087439955988484,4094933.3333333335,51.67003523365286,[ 0.28199595 41.29521768],34.70358950792598,[ 1.79372627 24.17960874],-0.06731319483026547,[ 0.02506726 -0.15895698]
45,AAL,2020-09-29,0.11774361333874558,0.543921999483336,0.3308328064110408,12.25,7.755100483797034,49232650.0,44.66790649403966,[ 1.32236705 39.09486193],32.35487226677491,[ 5.06760548 10.13908104],-0.10967492379930846,[ 0.03941633 -0.20163723]
142,EMR,2020-09-17,0.06413334353611262,0.6005286876246033,0.332331015580358,69.08999633789062,-1.7947574605521963,2368966.6666666665,54.78858525486845,[ 0.3593627  50.28989611],31.282666870722252,[ 3.01760953 17.77928496],-0.2700090067042745,[ 0.05176727 -0.44961883]
67,BA,2020-09-18,0.37943645837704454,0.292411527536829,0.33592399295693676,161.13999938964844,4.3068154819988616,17155716.666666668,42.508904582532644,[ 2.3852136 38.151123 ],37.58872916754089,[ 7.76219322 18.99574314],-0.24903886123262708,[ 0.39862888 -0.85167252]
38,AAL,2020-07-15,0.3239383078118648,0.3482643886587466,0.3361013482353057,13.4399995803833,-7.366069955561188,74680516.66666667,52.1646587110472,[ 0.12998541 41.06620583],23.521233843762705,[3.74348912 6.58837771],-0.1341164409260317,[ 0.04298117 -0.3850995 ]
64,BA,2020-08-06,0.5632478133880013,0.11952970718933327,0.3413887602886673,172.1999969482422,4.6051150261946985,37843550.0,49.66384217096367,[ 1.77033384 38.18589562],41.26495626776003,[8.08955068 8.48201002],-0.27679532180866584,[ 0.7030539  -2.31570317]
105,DAL,2020-02-07,0.4172995738955006,0.27297841691476327,0.34513899540513193,57.91999816894531,2.676110325895815,6826416.666666667,48.19020787994206,[ 2.86428651 37.14046743],38.34599147791001,[ 7.84041401 13.11126221],-0.10807516194330663,[ 0.13046675 -0.39591101]
84,CAT,2020-09-30,0.1190011490486512,0.5944643774874546,0.3567327632680529,149.14999389648438,10.653704351256417,2134266.6666666665,55.18318135519365,[ 0.6009407  48.91408044],32.380022980973024,[ 3.37486285 17.20469162],-0.6609453013745601,[ 0.12704963 -1.11183332]
18,ALK,2020-07-01,0.09389000295398944,0.627630094902122,0.3607600489280557,35.70000076293945,8.571421549577012,3264350.0,48.78194346993429,[ 0.34867771 47.71663292],28.12219994092021,[5.42129003 7.06107343],-0.5460030135787017,[ 0.14302723 -0.86994397]
187,HON,2020-02-07,0.3532666532425385,0.37577731280875587,0.3645219830256472,175.27999877929688,3.366039444074466,3392816.6666666665,46.1442475198954,[ 0.82752989 42.88995748],37.06533306485077,[ 3.16656748 21.72086962],-0.26423130351009905,[ 0.20378283 -0.70315928]
0,MMM,2020-02-12,0.490241466144589,0.24200797018252584,0.3661247181635574,163.8000030517578,-1.703301888242507,3110333.3333333335,42.08699894790718,[ 2.05806588 28.40093555],20.19517067710822,[ 1.75262502 16.20757917],-0.3534296699945232,[ 0.33588236 -1.46040508]
181,GE,2020-07-08,0.2813690853742674,0.45502132204971263,0.36819520371199,6.860000133514404,4.081628681073312,79573350.0,48.76373687850689,[ 0.26393063 47.21640461],35.62738170748535,[ 3.60691143 25.16184635],-0.02829282441886743,[ 0.01371484 -0.06217912]
89,CPRT,2020-07-02,0.3694140736467052,0.3860074360111266,0.3777107548289159,83.86000061035156,4.030523764390179,2206816.6666666665,48.575178974888956,[ 2.4371014  36.51867149],37.3882814729341,[ 6.85008626 13.44306457],-0.41307491118133116,[ 0.24865535 -1.07012164]
30,ALK,2020-11-03,0.3740622120547762,0.38653970342847277,0.3803009577416245,38.560001373291016,23.755185480249693,2159116.6666666665,50.78045320701644,[ 0.56173344 44.11780642],37.481244241095524,[ 0.39223945 22.87329552],-0.10706460364838835,[ 0.05043457 -0.27698216]
107,DAL,2020-02-11,0.7189927724272593,0.04450932179988504,0.3817510471135722,58.65999984741211,1.3808410763689258,5672483.333333333,52.00388922406625,[ 1.21295292 44.26018106],44.379855448545186,[ 6.05959123 30.41015315],-0.0065788602322825185,[ 0.03230832 -0.14780859]
121,DAL,2020-11-05,0.382599078242983,0.38139640909229716,0.38199774366764006,31.979999542236328,18.824266866586388,15953316.666666666,53.350189695037386,[ 0.76048268 43.1581534 ],37.65198156485966,[ 3.22679092 28.38161347],-0.10096515518760066,[ 0.02678547 -0.26472498]
152,FAST,2020-03-16,0.07720956428507346,0.7007989021615143,0.38900423322329386,31.719999313354492,8.795709547837502,9585816.666666666,40.31801240985795,[ 1.6611408  33.60619285],28.45580871429853,[ 3.51908475 18.70044773],-0.32070232473439075,[ 0.05144714 -0.4576239 ]
148,FAST,2020-01-13,0.16757070766780088,0.6187442585531695,0.3931574831104852,36.59000015258789,1.9677540795314856,3749083.3333333335,52.00282943198869,[ 0.2136638  44.90155947],33.35141415335602,[ 1.05728709 22.40778454],-0.08421150755187738,[ 0.00952377 -0.13610067]
173,FTV,2020-09-29,0.5461215472972434,0.2411685929769075,0.39364507013707545,63.7740592956543,9.480250223905546,2745850.0,57.861939843583116,[ 2.47452024 41.24311911],40.92243094594487,[ 3.28751782 18.91923995],-0.1165214909557234,[ 0.11452553 -0.48315367]
48,AAL,2020-10-02,0.6969694864566932,0.09421239303619797,0.3955909397464456,13.0,1.5384600712702825,52958300.0,52.88620983164668,[ 1.4540447  41.34481824],43.939389729133865,[ 4.62847594 33.4521124 ],-0.010633204094447818,[ 0.02359327 -0.11286418]
26,ALK,2020-10-05,0.2925362274235942,0.49974203304637516,0.3961391302349847,37.56999969482422,6.281609341286965,2353216.6666666665,46.82253743623243,[ 0.52975878 42.39668038],24.149275451528116,[ 0.25612777 22.24660515],-0.2895123927818739,[ 0.0942267  -0.57932368]
114,DAL,2020-09-29,0.14279944627022392,0.6504691465260192,0.39663429639812153,30.610000610351562,7.1871960766817695,22671833.333333332,49.68831435061338,[ 1.05864309 43.29634897],27.14401107459552,[ 1.65495157 13.12153272],-0.36637788074133226,[ 0.06494834 -0.56325174]
76,CARR,2020-12-11,0.08114518879231838,0.7152227505492953,0.3981839696708068,37.15999984741211,4.386439921443516,4504166.666666667,49.55632257278135,[ 0.8317307  48.80639693],28.377096224153632,[ 5.41191263 11.73063717],-0.29481935638954926,[ 0.05657074 -0.41220635]
15,MMM,2020-11-09,0.41750387737133254,0.3844896073645539,0.40099674236794325,163.42999267578125,8.352205694797316,2208733.3333333335,48.58998697277309,[ 0.97649182 43.71953976],38.35007754742665,[ 1.77803577 35.70186133],-0.29092151784230824,[ 0.16629583 -0.75664338]
12,MMM,2020-11-04,0.23342362991875837,0.5728236221328876,0.40312362602582297,160.16000366210938,8.553943952914214,2648066.6666666665,42.752388464798145,[ 2.56310432 35.5542601 ],34.66847259837517,[8.22794    8.49020686],-0.7649402763809032,[ 0.31029533 -1.33538536]
53,AME,2020-07-01,0.2607456920503541,0.5471474361877675,0.4039465641190608,87.58999633789062,6.427680235416349,2027500.0,48.39156601413301,[ 0.72643009 46.05538415],35.21491384100708,[ 2.05963038 18.68144024],-0.5401042327865139,[ 0.19473543 -0.98712741]
124,ETN,2020-03-05,0.1237524567111727,0.6860089939837267,0.40488072534744973,93.66000366210938,-0.9502530260982955,5169583.333333333,42.58843010812365,[ 2.38647182 32.71668485],32.475049134223454,[9.31185881 7.61367888],-1.0314669480840086,[ 0.19221518 -1.50357642]
103,DE,2020-03-25,0.551047575759298,0.2791156156917933,0.4150815957255456,128.49000549316406,14.226786518636587,3129066.6666666665,42.83356230268625,[ 0.95768093 31.45906022],18.97904848481404,[ 0.5956641  13.91694709],-1.1975860652463837,[ 0.82110025 -4.29064516]
123,DAL,2020-12-30,0.1197176273698501,0.7137192130785617,0.4167184202242059,40.560001373291016,2.2435892914228286,11178550.0,54.1415712486503,[ 0.3100457  50.08572368],27.605647452602998,[ 1.99909444 18.43731321],-0.3953542731939347,[ 0.04337205 -0.55393531]
122,DAL,2020-11-06,0.5995803314091515,0.23948138148213022,0.4195308564456408,31.420000076293945,20.94207481772285,14357350.0,50.52520688159102,[ 1.05594112 44.54210039],41.99160662818303,[ 2.29559755 32.64499322],-0.05843806945127217,[ 0.06262157 -0.24401926]
154,FAST,2020-03-18,0.6916754008350778,0.15687723660223912,0.42427631871865845,33.45000076293945,-3.408069846478111,9216200.0,46.349245841690646,[ 1.58616043 37.7291787 ],43.83350801670156,[ 5.48103896 24.91629631],-0.05402278309355402,[ 0.09270719 -0.34436343]
27,ALK,2020-10-06,0.23003796694007334,0.6214230140151252,0.42573049047759925,36.09000015258789,10.640066878227866,2389866.6666666665,40.93191387666218,[ 0.5958199 43.0626081],25.399240661198533,[ 0.79887903 22.34620807],-0.3073032948488169,[ 0.10396476 -0.49451547]
126,ETN,2020-05-20,0.4239023097529667,0.42837494473284776,0.42613862724290724,77.93000030517578,18.041829210232844,2333450.0,49.651758063450124,[ 0.91284574 42.40422046],38.478046195059335,[ 6.59330723 14.42210897],-0.33822044748372715,[ 0.15485219 -0.78954302]
178,GE,2020-07-02,0.2553356644786355,0.6007856265801031,0.4280606455293693,6.820000171661377,4.692077518617799,95574566.66666667,47.84123534925215,[ 1.07151871 42.30333021],24.89328671042729,[5.59285371 8.12240009],-0.06590440856759437,[ 0.01465498 -0.10969705]
77,CAT,2020-01-21,0.14091087246721373,0.7161306086936927,0.4285207405804532,145.85000610351562,-2.1254754705429533,2922333.3333333335,50.46991407928493,[ 1.43927204 47.90707204],32.818217449344274,[ 1.56684548 22.74187947],-0.26386567118749005,[ 0.0926443  -0.36846026]
87,CAT,2020-10-05,0.745235172500881,0.11429223837128796,0.4297637054360845,153.49000549316406,10.098377383073531,2447983.3333333335,60.81339945172463,[ 0.74145735 50.89385224],44.90470345001762,[ 3.83793912 32.34441121],-0.07991268496528403,[ 0.1041509  -0.69919608]
145,EXPD,2020-03-04,0.4808866408578325,0.38148760379445246,0.4311871223261425,73.12999725341797,-1.4357930559257697,2873900.0,49.499816867371514,[ 0.20730746 38.31241299],39.61773281715665,[ 6.74149913 14.82944161],-0.12583458783260826,[ 0.02001209 -0.32985236]
49,AAL,2020-11-05,0.3805348766764391,0.4853350102828322,0.4329349434796357,11.600000381469727,13.793098061887212,48317683.333333336,44.777400584142065,[ 0.48171782 35.45486536],22.389302466471218,[ 2.19836688 17.64991573],-0.07458824312131684,[ 0.01467498 -0.15368404]
28,ALK,2020-10-07,0.21133128663467887,0.6572635261564355,0.43429740639555714,37.02000045776367,9.643435036953205,2242900.0,45.56618355094147,[ 0.24265831 43.205458  ],25.773374267306423,[ 1.3323861  22.76194209],-0.2404719693890473,[ 0.03869726 -0.36586842]
172,FTV,2020-09-01,0.6996053893439977,0.17029084680077886,0.4349481180723883,61.58158874511719,5.489875516965487,2881733.3333333335,58.62343032032929,[ 0.94624977 48.45903295],43.992107786879956,[ 1.37594995 26.25658915],-0.05047871948861432,[ 0.07557174 -0.2964265 ]
188,HON,2020-02-10,0.629121635687832,0.24195118013696212,0.43553640791239706,176.9499969482422,2.3905034193226546,3422550.0,49.986363759162955,[ 2.12765896 38.89489831],42.58243271375664,[ 7.11060097 22.55110629],-0.10838735698538182,[ 0.10057181 -0.44797201]
155,FAST,2020-03-27,0.7952950823872467,0.08021072028312475,0.4377529013351857,31.040000915527344,8.311849034343336,7835866.666666667,44.89312760240111,[ 1.42093558 37.91635077],45.90590164774493,[ 5.86802094 23.13249971],-0.026567069447345215,[ 0.11475716 -0.33121594]
111,DAL,2020-07-16,0.5295511833540705,0.3470592331146141,0.43830520823434227,27.260000228881836,-0.770363133008319,35652716.666666664,48.4696071568601,[ 1.16636225 43.46823494],40.59102366708141,[ 7.03521834 20.29889214],-0.1341404864840032,[ 0.09259279 -0.38650603]
160,FDX,2020-02-06,0.5207033044023882,0.37073883917324096,0.4457210717878146,148.6300048828125,10.95337296943027,2627300.0,43.06721243070781,[ 1.64744846 32.29479426],19.585933911952235,[ 1.02478315 10.7752888 ],-0.531709641812903,[ 0.33124006 -1.43418921]
73,CARR,2020-04-22,0.5538518542832123,0.33940491998262856,0.4466283871329204,14.789999961853027,19.74306376031785,19448416.666666668,54.694218443275396,[ 1.16682893 47.26289354],41.077037085664244,[ 2.08215658 26.96122068],-0.09311037922162957,[ 0.06581052 -0.27433421]
51,AME,2020-03-04,0.2595754477749635,0.6338765986684487,0.44672602322170607,91.01000213623047,-2.1316365189205375,2295466.6666666665,40.45228107762768,[ 1.22880875 22.65246897],24.80849104450073,[5.86615295 3.0664252 ],-0.9559020664491498,[ 0.11860934 -1.50802549]
19,ALK,2020-07-02,0.2622571578063841,0.6381982295061691,0.4502276936562766,36.4900016784668,6.220872947796984,3317966.6666666665,50.65970720508994,[ 0.77956485 46.33566139],35.24514315612768,[ 8.23100534 11.13470459],-0.4410106248157236,[ 0.07668029 -0.69102452]
156,FAST,2020-09-24,0.5386536554267851,0.3727845224971828,0.455719088961984,44.279998779296875,5.3071417199702,4004866.6666666665,41.45819608178375,[ 0.81750224 36.93827841],19.2269268914643,[ 0.8663528  13.36051364],-0.12060603954709304,[ 0.08092773 -0.32352749]
115,DAL,2020-09-30,0.2956490870765009,0.6181710521206156,0.4569100695985583,30.579999923706055,7.292352698327615,19394450.0,49.54978186842304,[ 1.3398152  43.42921081],35.91298174153002,[ 8.05337735 10.77406175],-0.3245747755034472,[ 0.08577403 -0.52505658]
186,GE,2020-10-01,0.5324951814207806,0.3825523057075121,0.4575237435641463,6.239999771118164,16.82692675077952,86256533.33333333,47.99522143597466,[ 0.76802023 43.21984507],19.35009637158439,[ 1.24444114 14.72594155],-0.007845097109449653,[ 0.002346   -0.02050725]
189,HON,2020-03-04,0.3837145965596552,0.5474683461960758,0.4655914713778655,171.19000244140625,-3.6625995578258093,5644450.0,48.64076342616231,[ 0.60086763 29.70664788],37.6742919311931,[8.68999375 7.63807566],-1.1024275006666158,[ 0.09327535 -2.01368263]
132,ETN,2020-12-23,0.4283031035203468,0.5172728316590001,0.47278796758967345,117.0199966430664,10.314476193021992,2331500.0,53.30902496401403,[ 0.46818053 49.82535324],38.566062070406936,[ 5.23482396 17.59602402],-0.36744614326508285,[ 0.125681   -0.71035268]
68,BA,2020-11-04,0.40291193581826745,0.5450951978472247,0.4740035668327461,151.6300048828125,38.52799333093427,15300850.0,41.96720564638758,[ 0.75859879 35.11674335],21.94176128363465,[4.53620162 3.70902587],-1.2988678316157438,[ 0.34819459 -2.38282751]
5,MMM,2020-07-02,0.4033000514744852,0.5505177849811473,0.4769089182278163,157.0399932861328,2.2032646852976643,2440366.6666666665,52.57255863031654,[ 1.05852188 45.7504651 ],38.066001029489705,[ 4.91864606 19.72167729],-0.6030447517048962,[ 0.14854807 -1.09541375]
143,EMR,2020-09-18,0.2273190683158063,0.7290793340482887,0.4781992011820475,67.8499984741211,-3.3603519978950294,2490033.3333333335,48.86818723208798,[ 1.20884158 48.48695198],34.546381366316126,[ 5.43291859 19.80175906],-0.2952313986376709,[ 0.06619706 -0.40493727]
128,ETN,2020-07-01,0.39577366378223966,0.5659259084511946,0.48084978611671714,87.0999984741211,7.416761420945413,2356866.6666666665,52.04982130972527,[ 0.71057259 48.14629038],37.91547327564479,[ 4.34654922 17.53034657],-0.46719832428898234,[ 0.13640857 -0.8255468 ]
106,DAL,2020-02-10,0.5795606037973282,0.3843200944675669,0.48194034913244754,57.709999084472656,3.049735165745327,6469100.0,47.200188686197464,[ 2.8361583  38.34537789],41.591212075946565,[ 9.37709701 19.75950918],-0.08690451238925506,[ 0.06214091 -0.22612534]
109,DAL,2020-07-06,0.22746632078081158,0.7389645174271072,0.4832154191039594,28.440000534057617,0.5625873572699323,36220050.0,50.52116712572942,[ 0.08219612 48.1514634 ],25.450673584383768,[ 3.51991741 18.47605612],-0.4006806683533778,[ 0.02624615 -0.54221909]
83,CAT,2020-08-10,0.7249113503718793,0.2453975205452365,0.48515443545855785,142.02000427246094,0.38727153584832236,3235900.0,64.36052443513678,[ 1.08018392 48.66636751],44.498227007437585,[ 2.93875519 24.81281145],-0.22034440194812355,[ 0.07115246 -0.89790802]
40,AAL,2020-07-17,0.6953676020260918,0.2811916800185737,0.4882796410223328,11.90999984741211,-1.175477677935131,83668150.0,44.779697272880256,[ 2.00947026 39.04433087],43.907352040521836,[ 9.7469329  14.33226368],-0.07873175048794379,[ 0.10770525 -0.27999317]
25,ALK,2020-10-02,0.36327657718758194,0.6166492972397352,0.4899629372136586,37.52000045776367,4.877393374281682,2256816.6666666665,46.58137534921099,[ 0.86739863 40.01454842],22.73446845624836,[ 2.32718061 18.56311489],-0.3846978086879578,[ 0.0607041  -0.62385186]
85,CAT,2020-10-01,0.30555633931132,0.6804160983932742,0.4929862188522971,146.7100067138672,15.022828898861722,2311483.3333333335,50.5323432908739,[ 1.50624889 47.25831482],36.1111267862264,[ 6.41464271 19.05188606],-0.6715467397957293,[ 0.15483764 -0.9869648 ]
149,FAST,2020-01-14,0.6378406163671173,0.35023656285090354,0.4940385896090104,36.81999969482422,1.330803048691161,3593466.6666666665,55.38203719765037,[ 1.97941617 40.89203552],42.756812327342345,[ 6.35045946 20.29339265],-0.04655172304867369,[ 0.02302161 -0.13291509]
58,BA,2020-07-01,0.2825360821171408,0.7080639924334977,0.49530003727531924,180.32000732421875,4.22581788358438,59798200.0,51.281672012200936,[ 0.11815256 51.89810452],35.650721642342816,[ 2.09491621 19.57741812],-2.7918339657731597,[ 0.69096115 -3.94291193]
14,MMM,2020-11-06,0.41122720672094387,0.5862227372427085,0.4987249719818262,163.02000427246094,6.649488439328811,2374716.6666666665,47.83968496882076,[ 2.00001831 39.29504304],38.22454413441888,[ 6.86005015 26.48719033],-0.4323486176596259,[ 0.06002    -0.73751595]
151,FAST,2020-03-05,0.23124422302975897,0.7682271646468314,0.4997356938382952,34.84000015258789,-0.9471923926790661,6792416.666666667,41.003510595968145,[ 0.78146725 36.27786497],25.37511553940482,[6.34013346 8.91598737],-0.34399644814196517,[ 0.02925054 -0.44777959]
75,CARR,2020-12-10,0.3475379199033945,0.6570313909441512,0.5022846554237729,37.540000915527344,3.329781485122376,4751216.666666667,51.99206041840327,[ 1.03338583 47.62446011],23.04924160193211,[3.87632581 8.38325673],-0.30497659129000965,[ 0.05735565 -0.46417355]
118,DAL,2020-10-05,0.775835468393127,0.2290861128228968,0.5024607906080119,32.0,2.531254291534424,19167916.666666668,56.17278097947783,[ 1.23302455 47.77514854],45.51670936786254,[ 2.99922215 36.03212212],-0.07527481418145493,[ 0.0841279  -0.32858742]
166,FDX,2020-11-05,0.4740348047471084,0.5357334542765516,0.50488412951183,279.07000732421875,2.1428244927096594,2818516.6666666665,58.24645388392671,[ 1.47554549 46.9531484 ],39.48069609494217,[ 5.7986016  17.92322249],-1.9853583744199224,[ 0.47818809 -3.7058697 ]
139,EMR,2020-07-02,0.42380706657969147,0.5890334401072204,0.5064202533434559,61.650001525878906,3.2116780101054516,2962400.0,52.36194210532581,[ 1.13914063 47.09353932],38.47614133159383,[ 7.55978597 14.61128692],-0.35324811575002524,[ 0.09362629 -0.59970808]
117,DAL,2020-10-02,0.5955713022236008,0.4208620646920833,0.5082166834578421,31.75,3.338587002491388,18356550.0,55.039407335154074,[ 1.71157138 44.34779785],41.911426044472016,[ 6.06280698 28.04606564],-0.1563189834369893,[ 0.05694654 -0.37142569]
130,ETN,2020-12-21,0.38997999787418036,0.6276328571538615,0.5088064275140209,116.9800033569336,2.7013129954125152,2156450.0,53.257941625881124,[ 0.48176002 47.93224867],22.200400042516392,[ 2.87971299 12.68939666],-0.5640505856948286,[ 0.08382799 -0.89869512]
146,EXPD,2020-03-05,0.8257508129863386,0.20806996260096897,0.5169103877936537,72.08000183105469,-2.219753653546324,2685816.6666666665,46.37819132842834,[ 1.93846597 35.59020898],46.51501625972677,[10.07141892 19.4129446 ],-0.06394643390872945,[ 0.0721235 -0.3073314]
120,DAL,2020-11-04,0.2054502135530246,0.8290125616270733,0.5172313875900489,30.43000030517578,24.87676509663607,16135566.666666666,45.521437693501134,[ 0.68136858 43.26340742],34.10900427106049,[ 5.3196305  22.39294763],-0.21701963989709255,[ 0.0124671  -0.26178088]
125,ETN,2020-03-06,0.3000666290425261,0.737351270124085,0.5187089495833055,92.7699966430664,-3.9991368100905715,5148216.666666667,41.32275029151912,[ 3.07195333 31.54762241],36.00133258085052,[ 8.4400027  16.55090942],-1.0218533171756283,[ 0.2088757 -1.3858433]
34,ALK,2020-12-24,0.5800296360581058,0.4581460146408584,0.5190878253494821,52.25,1.2440220590983853,2012666.6666666667,63.35445384985581,[ 1.06137018 54.42830968],41.600592721162116,[ 2.39483204 27.34900227],-0.2460584791123377,[ 0.08246929 -0.53707436]
16,MMM,2020-12-11,0.5903786511538257,0.45213715098744356,0.5212579010706346,174.02000427246094,1.5113145382445203,2386450.0,56.7765376912392,[ 0.6554096  53.68770757],41.807573023076515,[ 2.30363432 27.64631313],-0.19173788234762346,[ 0.11304169 -0.42407018]
32,ALK,2020-11-05,0.9446109363581474,0.09826149565489334,0.5214362160065203,39.18000030517578,23.76212685241133,2166533.3333333335,53.28859477763176,[ 1.95263403 41.49514862],48.89221872716295,[ 9.28669248 26.72329127],-0.015858974825730968,[ 0.03189512 -0.16139562]
97,CSX,2020-12-21,0.31957890188449023,0.7261051977220092,0.5228420498032498,89.69000244140625,1.1818458353663641,3594216.6666666665,50.820112023214364,[ 0.33941694 51.83269358],36.391578037689804,[ 4.82245547 16.56579374],-0.4664468045422616,[ 0.08748599 -0.64239563]
144,EMR,2020-09-29,0.42393955534057143,0.6226136897137404,0.5232766225271559,65.16000366210938,7.351124949242751,2040550.0,42.66575148484108,[ 0.71420918 37.22905676],21.52120889318857,[ 1.89823576 11.11015283],-0.4344579148215362,[ 0.07933308 -0.69779692]
86,CAT,2020-10-02,0.5027950611599099,0.5459651656826462,0.524380113421278,149.94000244140625,12.5450161746825,2267700.0,55.8383770629948,[ 0.71246256 49.76381388],40.0559012231982,[ 5.82115052 25.16550799],-0.4526435105771951,[ 0.09663443 -0.82907031]
20,ALK,2020-07-06,0.5219752624383585,0.5273307829392779,0.5246530226888182,37.08000183105469,4.530734648107568,3197633.3333333335,52.07292149890374,[ 0.59083452 47.64337211],40.43950524876717,[ 8.46520129 18.76215994],-0.3198547555471113,[ 0.07832773 -0.6065543 ]
169,FTV,2020-03-04,0.4781163112369919,0.5757076731846362,0.5269119922108141,60.30962371826172,-5.42527846325249,3679216.6666666665,42.61112458720437,[ 1.07508455 25.41338553],20.437673775260162,[3.76583897 7.27417352],-0.46454577795890484,[ 0.07015412 -0.8069126 ]
13,MMM,2020-11-05,0.4773337284678519,0.5777880173534549,0.5275608729106533,163.1999969482422,6.5318651111801955,2522483.3333333335,48.12603187929365,[ 2.31691742 36.60070239],39.54667456935704,[ 9.85565026 15.29508939],-0.5737537715407527,[ 0.1510758  -0.99301778]
137,EMR,2020-03-04,0.47700644092286204,0.5818334111797159,0.529419926051289,66.66999816894531,-2.9098468055986277,5029216.666666667,40.04053644545483,[ 0.66355149 26.20132071],20.45987118154276,[5.00408943 3.28511995],-0.5138356002697506,[ 0.07830555 -0.88313182]
90,CPRT,2020-07-06,0.7880851078085354,0.27773645110405404,0.5329107794562947,84.91999816894531,3.544515074343474,2054366.6666666667,51.43632976405691,[ 2.60519762 37.66228047],45.761702156170706,[ 9.65475138 18.2510764 ],-0.2266481686089079,[ 0.211252   -0.81605482]
55,AOS,2020-03-04,0.35559874533623503,0.714596596228097,0.535097670782166,40.56999969482422,5.22553351696285,3710000.0,41.57961720381007,[ 0.88849142 29.98147819],22.8880250932753,[ 2.26589133 14.04578068],-0.2277312873293491,[ 0.00719257 -0.3186851 ]
116,DAL,2020-10-01,0.4634812520068284,0.611861886767763,0.5376715693872957,31.100000381469727,5.498395404651367,19165916.666666668,52.045436635244116,[ 1.7072707  42.99608285],39.26962504013657,[ 8.80596596 18.31338158],-0.2524848052485885,[ 0.04448451 -0.41265   ]
46,AAL,2020-09-30,0.5137534310481715,0.5814106468884027,0.547582038968287,12.289999961853027,7.404392597531823,46964283.333333336,45.12405104225109,[ 1.37651213 39.56212887],40.27506862096343,[10.19264206 11.8797918 ],-0.09564940527952023,[ 0.03127764 -0.16451265]
110,DAL,2020-07-07,0.30705091059523965,0.7959606243919041,0.5515057674935718,27.010000228881836,5.88670914148198,34559350.0,45.94957774589233,[ 0.44289859 47.56746854],23.858981788095207,[ 0.96572525 23.6089957 ],-0.4215924288171382,[ 0.06006513 -0.52966493]
47,AAL,2020-10-01,0.5805912073022796,0.5260701888950842,0.5533306980986819,12.579999923706055,4.928456989818731,52366733.333333336,48.442536913290624,[ 1.60461711 39.40767662],41.61182414604559,[ 9.19111372 22.3164803 ],-0.062488374483537404,[ 0.01107526 -0.11878334]
33,ALK,2020-11-06,0.9879223461379585,0.12325464686734364,0.5555884965026511,38.2599983215332,26.73811763127031,2102316.6666666665,49.45820987018638,[ 1.39305004 45.33524603],49.75844692275917,[ 5.70548724 37.93934907],-0.015142053147398832,[ 0.04560281 -0.12285178]
108,DAL,2020-07-02,0.2622866924386022,0.853218490738627,0.5577525915886146,27.719999313354492,3.1746071064701713,38892116.666666664,48.107352362494176,[ 0.3685899  47.20119341],24.754266151227956,[ 3.89800982 15.08760947],-0.4873077970250689,[ 0.02640002 -0.57114069]
127,ETN,2020-05-21,0.8122061303711462,0.312717137388787,0.5624616338799666,78.29000091552734,21.892961028499673,2318266.6666666665,50.28703069040391,[ 1.76392113 40.98599485],46.24412260742292,[ 9.16769014 19.72091342],-0.18512588532087682,[ 0.11786494 -0.59199149]
182,GE,2020-07-09,0.22802588615719904,0.8995670003579727,0.5637964432575858,6.579999923706055,8.51063752693985,77767016.66666667,44.13028367736654,[ 0.27489421 47.43343238],34.56051772314398,[ 3.16075232 29.18603712],-0.03804045832992852,[ 0.00636044 -0.04228752]
92,CSX,2020-07-02,0.6546689787075917,0.4757902842348701,0.5652296314712308,68.86000061035156,4.792336657722496,4420016.666666667,49.77928511927167,[ 1.18467255 43.88390038],43.09337957415183,[ 9.01113497 14.30346876],-0.28197756711411825,[ 0.12399666 -0.59265096]
74,CARR,2020-09-17,0.7565821976212778,0.37591040069382015,0.566246299157549,30.65999984741211,1.8590988182027999,5275900.0,60.242105185421586,[ 0.38076039 52.09031478],45.131643952425556,[ 0.1787512  30.03376447],-0.10978683071177908,[ 0.05245092 -0.29205585]
24,ALK,2020-10-01,0.37242413046483325,0.7648812658018393,0.5686526981333363,36.90999984741211,6.610670920607065,2296600.0,43.68828226554276,[ 0.77322296 39.75776427],22.551517390703335,[ 5.19660033 12.11952679],-0.4974419210205673,[ 0.03718058 -0.65035182]
94,CSX,2020-10-08,0.5339421426361781,0.604158329416126,0.569050236026152,77.70999908447266,5.173084956661877,3722483.3333333335,52.20510463663525,[ 0.48445128 50.72904508],40.67884285272356,[ 1.69111343 30.95808895],-0.17552552388828224,[ 0.03904561 -0.29052901]
177,GE,2020-07-01,0.509791799502557,0.6309324730077164,0.5703621362551368,6.739999771118164,5.934719717372805,88900083.33333333,46.407260867541,[ 0.31585878 44.50402975],19.80416400994886,[3.08050312 6.22074086],-0.08176008791717664,[ 0.01861923 -0.12958611]
100,DE,2020-03-05,0.19435971675314595,0.9573060116096757,0.5758328641814108,159.07000732421875,3.124401667867008,2674266.6666666665,43.20072582751614,[ 0.28635233 42.20305312],26.11280566493708,[ 5.70599773 11.68812604],-0.7544731170375316,[ 0.00193556 -0.78812115]
6,MMM,2020-07-06,0.7533254114895062,0.40810178478115094,0.5807135981353285,158.10000610351562,1.5180226463198139,2263700.0,54.237398203916996,[ 0.95103503 47.30183712],45.066508229790124,[ 7.66873617 22.76772932],-0.38345408056810304,[ 0.16062363 -0.93960403]
135,EMR,2020-02-07,0.8826384277604301,0.27884098309925764,0.5807397054298439,73.7699966430664,2.209577005539559,3478316.6666666665,43.97172732948423,[ 3.99007631 30.58991026],47.6527685552086,[10.42026217 14.34065148],-0.14452693509771053,[ 0.19724059 -0.5183131 ]
161,FDX,2020-03-19,0.7531508129030665,0.41439392714525963,0.583772370024163,111.68000030517578,12.464181707474614,5190283.333333333,41.55343858388208,[ 1.68064741 22.47657503],14.93698374193867,[0.98361274 6.88355228],-1.93368923197872,[ 0.54718144 -4.66630688]
140,EMR,2020-07-06,0.674354068964736,0.500569254894787,0.5874616619297615,62.5099983215332,2.0476765771295984,2700900.0,54.89314681883028,[ 0.85895808 48.71906723],43.48708137929472,[ 8.8575432  21.03347817],-0.2407231855871017,[ 0.06183201 -0.48089886]
61,BA,2020-07-07,0.3757422726263965,0.8042879671164582,0.5900151198714274,178.8800048828125,5.06484643967285,55823016.666666664,50.20525462173059,[ 0.47227474 51.30459782],37.51484545252793,[ 1.66984289 35.99996717],-2.3123072699802485,[ 0.32399782 -2.87497434]
23,ALK,2020-09-30,0.3888893541527764,0.7918356984100642,0.5903625262814203,36.630001068115234,5.623798794772314,2285050.0,42.35766719352436,[ 0.3118986  41.18254873],22.22221291694447,[5.92035752 6.00717901],-0.5731512072805465,[ 0.05725303 -0.72382593]
31,ALK,2020-11-04,0.7280522987957923,0.46443005023808187,0.596241174516937,37.79999923706055,28.2804303099704,2055250.0,47.64044876290367,[ 1.97008288 40.92568346],44.561045975915846,[ 9.43774125 17.92048108],-0.10882332769862083,[ 0.06324096 -0.23431586]
183,GE,2020-08-06,0.623216441171401,0.5729419944429316,0.5980792178071663,6.329999923706055,6.3191169066119315,114354166.66666667,42.236012248598804,[3.29457532e-02 3.84011095e+01],17.53567117657198,[0.19234476 9.02222134],-0.05571760623534047,[ 0.01169402 -0.09724825]
82,CAT,2020-07-01,0.6077647918351641,0.589927164486681,0.5988459781609226,126.05999755859375,9.915913249315981,3041716.6666666665,53.13439770797576,[ 0.299736   50.46673709],42.15529583670328,[ 2.4990147  27.41880722],-0.6793635200820445,[ 0.17155705 -1.15160576]
112,DAL,2020-07-17,0.8711586207680199,0.35129056900377004,0.611224594885895,27.049999237060547,-0.9981462404077284,35436066.666666664,47.789736134636826,[ 1.37737348 43.36071175],47.4231724153604,[ 6.72909361 27.33551504],-0.11552736830943747,[ 0.10927721 -0.32886556]
60,BA,2020-07-06,0.4495203714152229,0.7747702348342822,0.6121453031247526,187.91000366210938,0.01596443973830012,57133683.333333336,54.57889116115201,[ 0.47313417 50.46400397],38.99040742830446,[ 6.77429397 26.17195135],-2.143838330351925,[ 0.01496831 -2.76706336]
190,HON,2020-03-05,0.7517675656473586,0.47877486272070263,0.6152712141840306,164.9199981689453,-0.5396552264915231,5717833.333333333,41.5160908122008,[ 3.26990226 25.79042194],45.03535131294717,[11.71194664 14.2819164 ],-0.9604789719300761,[ 0.39434445 -2.00611821]
93,CSX,2020-07-06,0.9523598027137627,0.2929092712730929,0.6226345369934279,70.25,3.1032032813890122,4220850.0,53.53323291092455,[ 1.1310605  44.90080817],49.047196054275254,[10.84570985 21.74675685],-0.12447162588003342,[ 0.06822428 -0.42494942]
98,CSX,2020-12-22,0.43189536176677557,0.8537141788236836,0.6428047702952295,89.55000305175781,2.579561674898688,3497083.3333333335,50.24160890298244,[ 0.56076706 50.56311015],38.63790723533551,[ 7.49328615 20.50635059],-0.4593189351599706,[ 0.04238102 -0.53802426]
21,ALK,2020-07-07,0.7656436215710972,0.5365148749615394,0.6510792482663184,36.099998474121094,7.368420941399696,3044866.6666666665,49.534997751674894,[ 0.8069375  47.76658973],45.312872431421944,[ 6.15865265 28.44363013],-0.2943840631792049,[ 0.11307413 -0.54869693]
167,FDX,2020-11-06,0.8716380879886895,0.4315544310685518,0.6515962595286207,279.7699890136719,1.8872641765156772,2517750.0,58.63351751810397,[ 1.63464734 48.59550655],47.43276175977379,[ 8.71394687 21.91553147],-1.3624008547086124,[ 0.53237838 -3.1569618 ]
119,DAL,2020-10-06,0.9716395620110785,0.3349617668602555,0.653300664435667,31.059999465942383,5.634262515900969,17997183.333333332,50.970076671656734,[ 0.97767816 50.14489491],49.43279124022157,[ 3.12354216 39.10904465],-0.0837285605617637,[ 0.088605   -0.24996453]
99,CSX,2020-12-30,0.6101703887551547,0.7032190313911291,0.656694710073142,90.33000183105469,6.265909352355382,2825916.6666666665,53.130263241365334,[ 0.15674252 50.94139772],42.203407775103095,[ 2.57525579 31.80248183],-0.2522388261836076,[ 0.03172416 -0.35869169]
41,AAL,2020-07-20,0.5594160472666416,0.7588505920731979,0.6591333196699198,11.470000267028809,2.615520346562079,82135300.0,42.811671700598765,[ 1.00392989 42.59947231],41.18832094533283,[10.1930591  23.65150649],-0.09601828572221266,[ 0.02769235 -0.12653121]
54,AME,2020-07-02,0.8209597175453996,0.511034265223331,0.6659969913843653,88.95999908447266,4.788671515368779,2059050.0,51.76685529281169,[ 1.46487672 43.74249729],46.41919435090799,[ 8.37568804 17.49695164],-0.3991419463474549,[ 0.13478327 -0.78104733]
102,DE,2020-03-24,0.7534790641465888,0.5973025767310338,0.6753908204388113,126.0,16.484130374969,2984016.6666666665,41.32218437418111,[ 0.05779971 31.77105599],14.930418717068223,[ 0.76227528 13.22145426],-2.456953456436489,[ 0.10720737 -4.11341513]
63,BA,2020-07-24,0.43233044997551995,0.920591098434366,0.676460774204943,173.75999450683594,0.299265820039192,31111133.333333332,47.0349789584019,[ 0.12410172 48.97177174],38.6466089995104,[ 0.81274722 34.03740132],-1.1608932557947613,[ 0.13808795 -1.26103029]
59,BA,2020-07-02,0.4184150566215251,0.9534088251414593,0.6859119408814922,180.80999755859375,3.9433687180389083,59590766.666666664,51.49373085944445,[ 0.6859336  49.74498282],38.3683011324305,[ 8.0416563 18.637625 ],-2.717257280253337,[ 0.04385415 -2.85004419]
62,BA,2020-07-16,0.8915733901280589,0.4963453687544295,0.6939593794412442,178.6999969482422,0.609958789314544,40542000.0,49.91861072156546,[ 0.87449234 48.33812061],47.83146780256118,[ 3.93610799 31.15465811],-1.2227664752441605,[ 0.6042177  -2.46353961]
133,ETN,2020-12-24,0.9935978675480144,0.39770285061357663,0.6956503590807955,118.06999969482422,9.333443441644631,2185816.6666666665,56.22824586399239,[ 0.96882182 48.81746907],49.87195735096029,[ 8.18283101 21.532955  ],-0.22479551939120368,[ 0.09830222 -0.56523487]
36,AAL,2020-02-03,0.9815827813553742,0.44066408814466423,0.7111234347500193,27.15999984741211,12.187037866488685,13730483.333333334,47.09649482547059,[ 0.58253412 43.52811928],49.631655627107484,[ 0.36275567 42.12445284],-0.04132823327201221,[ 0.0238738  -0.09378625]
22,ALK,2020-09-29,0.6051421912453444,0.8294316637042765,0.7172869274748104,36.66999816894531,5.508591651565306,2471550.0,42.49084649656774,[ 0.05904839 41.89824567],17.897156175093112,[1.27482472 7.78011401],-0.6188501286939934,[ 0.04199189 -0.74611346]
141,EMR,2020-07-07,0.8104387975877387,0.62747133060315,0.7189550640954443,60.81999969482422,5.162774425195618,2735250.0,49.34451530848724,[ 1.02449189 49.31776911],46.208775951754774,[ 6.52560676 30.94075676],-0.27200617323008025,[ 0.09315857 -0.43349578]
191,HON,2020-03-06,0.9599908429051591,0.49068855280348644,0.7253396978543227,164.02999877929688,-1.426566088706189,6048333.333333333,40.606874712759335,[ 3.83205583 26.07398046],49.19981685810318,[ 9.48922638 26.76628755],-0.8548827419601959,[ 0.4406492  -1.74221049]
129,ETN,2020-07-02,0.9731555628351647,0.4786057815209216,0.7258806721780431,88.23999786376953,7.173619655824724,2413833.3333333335,54.64417225005016,[ 1.3733976  46.54461638],49.46311125670329,[ 8.80520941 19.60475506],-0.3270802895121586,[ 0.11302765 -0.6834023 ]
7,MMM,2020-07-07,0.9513791743562162,0.54608959993217,0.7487343871441932,154.82000732421875,3.6687717394861017,2270166.6666666665,48.55747236300325,[ 1.39211229 47.13385772],49.027583487124325,[ 7.27582074 30.60663793],-0.4433025773845225,[ 0.21307518 -0.81177627]
81,CAT,2020-05-12,0.5964422644470224,0.9096237035920309,0.7530329840195267,105.0,16.590474446614582,4157000.0,41.930136905759085,[ 0.68522455 43.40247968],18.071154711059553,[ 1.91678548 11.23522997],-0.7450237148995436,[ 0.15725563 -0.81904606]
136,EMR,2020-02-10,0.95652158411871,0.6109298367951329,0.7837257104569215,73.38999938964844,2.7387956846256314,3415700.0,42.62429571963512,[ 3.73286138 32.42061517],49.1304316823742,[11.88842626 23.82902681],-0.15660912576360764,[ 0.06696949 -0.25634552]
113,DAL,2020-07-20,0.7529551048081136,0.884309308138413,0.8186322064732633,26.219999313354492,2.1357795116561773,33719450.0,45.09727922140394,[ 0.51326879 46.52265807],45.05910209616227,[ 6.47660329 34.35145068],-0.1492127093139609,[ 0.02820113 -0.16873362]
165,FDX,2020-06-22,0.7177183493294595,0.9300615033340487,0.8238899263317541,137.3800048828125,15.402524131055422,2036316.6666666667,56.62810059800385,[ 0.95659319 52.95963024],44.35436698658919,[ 2.1492011  36.83175169],-0.4730686927094787,[ 0.04409996 -0.50864238]
17,MMM,2020-12-14,0.7333884628438778,0.9323213844790559,0.8328549236614669,173.0800018310547,2.0626253915310193,2302766.6666666665,54.55335800404302,[ 0.72399393 53.87346631],44.667769256877556,[ 7.17521749 27.0796817 ],-0.2324971087731793,[ 0.02675385 -0.24937442]
37,AAL,2020-07-02,0.8038555980684159,0.8764848394262874,0.8401702187473516,12.5,7.519996643066406,111415400.0,43.62204220459656,[ 0.15039855 44.76635867],13.922888038631685,[2.42360916 8.71923533],-0.5216823543122271,[ 0.02722509 -0.59519838]
10,MMM,2020-10-01,0.7705535740699591,0.9193274235674879,0.8449404988187235,158.7899932861328,7.6705135396173585,2154816.6666666665,42.4763643997816,[ 0.27358633 43.90010501],14.588928518600818,[ 1.549243   13.78447095],-0.9287431570663073,[ 0.03331965 -1.01024198]
95,CSX,2020-12-09,0.8580705625625956,0.881680997520841,0.8698757800417183,91.7300033569336,-1.1664664293761204,4666883.333333333,61.88346375604525,[ 0.58383814 59.83713774],47.16141125125191,[ 3.698392   34.11982851],-0.4216764059862017,[ 0.02506157 -0.47826414]
158,FAST,2020-10-27,0.7218287563822596,1.0618701848133543,0.891849470597807,43.58000183105469,8.398347162996282,3009350.0,42.95625626759776,[ 0.41548372 44.58443089],15.563424872354808,[ 0.84821493 11.64950231],-0.13577532564891281,[ 0.02242536 -0.12786434]
8,MMM,2020-07-08,0.9526281575778622,0.8628385801087274,0.9077333688432948,154.5800018310547,3.8297309476134327,2061050.0,48.16001439501907,[ 0.1134206  50.80854448],49.052563151557244,[ 5.48079123 38.57257302],-0.480145128152487,[ 0.07987109 -0.55647156]
96,CSX,2020-12-10,0.7379086832216227,1.1880434117922833,0.9629760475069531,90.0,0.73333740234375,4311650.0,53.48735815116667,[ 0.42298532 60.54095113],44.758173664432455,[ 5.60621822 36.24765559],-0.5206962357752651,[ 0.00689614 -0.43828048]
